Metric,Score
Faithfulness,0.6153846153846154
Answer Relevancy,0.8828313852160008
Context Precision,0.9999999999
Context Recall,1.0
Overall,0.874554000125154
